current_episode,episode reward,episode_end,epoch,epsilon,reward,step,total_reward,train_loss
1.0,0.0,0.0,0,0.9950000047683716,0.0,49,0.0,0.0002917170349974185
4.0,0.0,0.0,0,0.9900000095367432,0.0,99,0.0,9.180905908579007e-05
4.0,0.0,0.0,0,0.9850000143051147,0.0,149,0.0,9.574151590641122e-06
