current_episode,episode reward,episode_end,epoch,epsilon,reward,step,total_reward,train_loss
3.0,0.0,0.0,0,0.9950000047683716,0.0,49,0.0,0.00018967392679769546
3.0,0.0,0.0,0,0.9900000095367432,0.0,99,0.0,2.5723555154399946e-05
