current_episode,episode reward,episode_end,epoch,epsilon,reward,step,total_reward,train_loss
2.0,0.0,0.0,0,0.9950000047683716,0.0,49,0.0,3.860831930069253e-05
6.0,0.0,1.0,0,0.9900000095367432,0.0,99,0.0,8.502676791977137e-06
8.0,0.0,0.0,0,0.9850000143051147,0.0,149,0.0,7.403396580230037e-07
10.0,0.0,0.0,0,0.9800000190734863,0.0,199,0.0,4.3373484004405327e-07
