current_episode,episode reward,episode_end,epoch,epsilon,reward,step,total_reward,train_loss
1.0,0.0,0.0,0,0.9950000047683716,0.0,49,0.0,1.9034527213079855e-05
2.0,0.0,0.0,0,0.9900000095367432,0.0,99,0.0,4.579505912261084e-06
